{
    "predict_bleu-4": 9.364601,
    "predict_model_preparation_time": 0.0031,
    "predict_rouge-1": 23.35927699999999,
    "predict_rouge-2": 5.464078000000001,
    "predict_rouge-l": 7.3193790000000005,
    "predict_runtime": 1442.7864,
    "predict_samples_per_second": 0.069,
    "predict_steps_per_second": 0.035
}