{
    "predict_bleu-4": 30.682286000000012,
    "predict_model_preparation_time": 0.0034,
    "predict_rouge-1": 34.058440999999995,
    "predict_rouge-2": 11.589391000000003,
    "predict_rouge-l": 23.708522999999996,
    "predict_runtime": 246.5762,
    "predict_samples_per_second": 0.406,
    "predict_steps_per_second": 0.203
}